{"cameraMode":{"drawMode":0,"name":"Shaded","section":"Shading Mode"},"sceneLighting":true,"audioPlay":false,"sceneViewState":{"m_AlwaysRefresh":false,"showFog":true,"showSkybox":true,"showFlares":true,"showImageEffects":true,"showParticleSystems":true,"showVisualEffectGraphs":true,"m_FxEnabled":true},"in2DMode":false,"pivot":{"x":1.806931972503662,"y":-8.532962799072266,"z":32.68714141845703},"rotation":{"x":-0.19255979359149934,"y":0.01971975341439247,"z":-0.0038705291226506235,"w":-0.9810802340507507},"size":36.773502349853519,"orthographic":false}